USE barberia;

-- Insertar personas en la tabla Persona, seran 5 empleados y 15 clientes en total las personas
INSERT INTO Persona (Cedula, Nombre, Correo, Direccion, FechaNacimiento) VALUES
('1065832271', 'Julio Vasquez', 'julio@example.com', 'Calle 0, Ciudad 0', '1997-04-15'),
('1111111111', 'Juan Pérez', 'juan@example.com', 'Calle 1, Ciudad 1', '1990-01-01'),
('2222222222', 'María Rodríguez', 'maria@example.com', 'Calle 2, Ciudad 2', '1991-02-02'),
('3333333333', 'Carlos López', 'carlos@example.com', 'Calle 3, Ciudad 3', '1992-03-03'),
('4444444444', 'Ana Martínez', 'ana@example.com', 'Calle 4, Ciudad 4', '1993-04-04'),
('5555555555', 'Pedro García', 'pedro@example.com', 'Calle 5, Ciudad 5', '1994-05-05'),
('6666666666', 'Laura Fernández', 'laura@example.com', 'Calle 6, Ciudad 6', '1995-06-06'),
('7777777777', 'Miguel González', 'miguel@example.com', 'Calle 7, Ciudad 7', '1996-07-07'),
('8888888888', 'Sofía Díaz', 'sofia@example.com', 'Calle 8, Ciudad 8', '1997-08-08'),
('9999999999', 'Luis Sánchez', 'luis@example.com', 'Calle 9, Ciudad 9', '1998-09-09'),
('1010101010', 'Elena Ramírez', 'elena@example.com', 'Calle 10, Ciudad 10', '1999-10-10'),
('1212121212', 'David Herrera', 'david@example.com', 'Calle 11, Ciudad 11', '1980-11-11'),
('1313131313', 'Lucía Castro', 'lucia@example.com', 'Calle 12, Ciudad 12', '1981-12-12'),
('1414141414', 'Roberto Moreno', 'roberto@example.com', 'Calle 13, Ciudad 13', '1982-01-01'),
('1515151515', 'Carmen Ruiz', 'carmen@example.com', 'Calle 14, Ciudad 14', '1983-02-02'),
('1616161616', 'Sara López', 'sara@example.com', 'Calle 15, Ciudad 15', '1984-03-03'),
('1717171717', 'Luz Petro', 'luzp@example.com', 'Calle 17, Ciudad 17', '1991-02-12'),
('1818181818', 'Ronal Martinez', 'ronalmart@example.com', 'Calle 18, Ciudad 18', '1989-05-01'),
('1919191919', 'Carolina Higuita', 'carolinaHig@example.com', 'Calle 19, Ciudad 19', '1973-09-02'),
('2020202020', 'Clara Solano', 'clarasol@example.com', 'Calle 20, Ciudad 20', '1994-08-03'),
('2121212121', 'Carlos Pérez', 'calorp@example.com', 'Calle 1, Ciudad 1', '1999-04-01'),
('2323232323', 'Jose Rodríguez', 'joser@example.com', 'Calle 2, Ciudad 2', '1981-02-02'),
('2424242424', 'Juan López', 'juanl@example.com', 'Calle 3, Ciudad 3', '1997-04-03'),
('2525252525', 'Pablo Martínez', 'plabom@example.com', 'Calle 4, Ciudad 4', '1999-04-14'),
('2626262626', 'Pedro Cortez', 'pedroc@example.com', 'Calle 5, Ciudad 5', '1993-05-08'),
('2727272727', 'Lorena Fernández', 'lorenaf@example.com', 'Calle 6, Ciudad 6', '1985-07-05'),
('2828282828', 'Dalena González', 'dalenag@example.com', 'Calle 7, Ciudad 7', '1995-07-06'),
('2929292929', 'Luis Díaz', 'luisd@example.com', 'Calle 8, Ciudad 8', '1993-03-03'),
('3030303030', 'Ramon Sánchez', 'ramons@example.com', 'Calle 9, Ciudad 9', '1988-08-07'),
('3131313131', 'Moises Ramírez', 'moisesr@example.com', 'Calle 10, Ciudad 10', '1989-11-12');

-- Insertar números de teléfono para cada cliente en la tabla Telefono
INSERT INTO Telefono (idPersona, Telefono) VALUES
('1111111111', '555-1234'),
('2222222222', '555-5678'),
('3333333333', '555-2345'),
('4444444444', '555-3456'),
('5555555555', '555-6789'),
('6666666666', '555-4567'),
('7777777777', '555-5678'),
('8888888888', '555-6789'),
('9999999999', '555-7890'),
('1010101010', '555-8901'),
('1212121212', '555-9012'),
('1313131313', '555-0123'),
('1414141414', '555-1111'),
('1515151515', '555-2222'),
('1065832271', '555-3154'),
('1616161616', '555-3322'),
('1212121212', '555-9013'),
('1313131313', '555-1123'),
('1414141414', '555-1881'),
('1515151515', '555-2332'),
('1065832271', '555-3186');

-- Insertar clientes en la tabla Cliente
INSERT INTO Cliente (idCliente, Profesion) VALUES
('1111111111', 'Abogado'),
('2222222222', 'QA'),
('3333333333', 'Arquitecto'),
('4444444444', 'Electrico'),
('5555555555', 'Ingeniero'),
('6666666666', 'Tester'),
('7777777777', 'Medico'),
('8888888888', 'Empresario'),
('9999999999', 'Anestesiologo'),
('1065832271', 'Electronico'),
('1010101010', 'Juez'),
('1212121212', 'Fiscal'),
('1414141414', 'Contador'),
('1515151515', 'Conductor'),
('1616161616', 'Enfermera'),
('1717171717', 'Soldador'),
('1818181818', 'Emprendedor'),
('1919191919', 'Independiente'),
('2020202020', 'Medico'),
('2121212121', 'Electronico'),
('2323232323', 'Desarrollador');


-- Insertar empleados en la tabla Empleado
INSERT INTO Empleado (idEmpleado, Salario) VALUES
('1111111111', 2000),
('2222222222', 2500),
('3333333333', 3000),
('4444444444', 3000),
('5555555555', 4100),
('1212121212', 2000),
('1313131313', 2500),
('1414141414', 3000),
('1515151515', 3000),
('1065832271', 4100),
('2121212121', 2000),
('2323232323', 2500),
('2424242424', 3000),
('2525252525', 3000),
('2626262626', 4100),
('2727272727', 2000),
('2828282828', 2500),
('2929292929', 3000),
('3030303030', 3000),
('3131313131', 4100);

-- Insertar servicios en la tabla Servicio
INSERT INTO Servicio (idServicio, Nombre, Precio, Duracion) VALUES
('s1', 'Corte de cabello masculino', 150.00, 30),
('s2', 'Corte de cabello femenino', 200.00, 45),
('s3', 'Afeitado de barba', 100.00, 20),
('s4', 'Tratamiento facial', 250.00, 60),
('s5', 'Depilación de cejas', 50.00, 15),
('s6', 'Manicura', 80.00, 30),
('s7', 'Pedicura', 100.00, 45),
('s8', 'Masaje capilar', 120.00, 40),
('s9', 'Tinte de cabello', 180.00, 60),
('s10', 'Alisado de cabello', 300.00, 90),
('s11', 'Mascarilla facial', 150.00, 30),
('s12', 'Corte de cabello alegre', 200.00, 45),
('s13', 'Afeitado de barba + cejas', 100.00, 20),
('s14', 'Tratamiento facial + barba', 250.00, 60),
('s15', 'Rand Honors', 50.00, 15),
('s16', 'Manicura + pedicura', 170.00, 30),
('s17', 'Decoloración y Tinte de Cabello', 100.00, 45),
('s18', 'Masaje general', 120.00, 40),
('s19', 'Tinte de barba', 180.00, 60),
('s20', 'Corte + barba + cejas', 300.00, 90),
('s21', 'Corte ´cejas', 150.00, 45);

-- Insertar especialidades en la tabla Especialidad
INSERT INTO Especialidad (idEspecialidad, Especialidad) VALUES
('e1', 'Corte de cabello'),
('e2', 'Afeitado de barba'),
('e3', 'Tratamiento facial'),
('e4', 'Depilación de cejas'),
('e5', 'Manicura'),
('e6', 'Pedicura'),
('e7', 'Masaje capilar'),
('e8', 'Tinte de cabello'),
('e9', 'Alisado de cabello'),
('e10', 'Peinado para eventos'),
('e11', 'Corte degradado'),
('e12', 'Afeitado de barba extrema'),
('e13', 'Tratamiento facial especial'),
('e14', 'Depilación de cejas con cera'),
('e15', 'Manicura + pedicura'),
('e16', 'Pedicura laser'),
('e17', 'Masaje general'),
('e18', 'Tinte de barba'),
('e19', 'Mascarilla'),
('e20', 'Mascarilla puntos negros');


-- Insertar asignaciones de especialidades a empleados
INSERT INTO EspecialidadEmpleado (idEmpleado, idEspecialidad) VALUES
('1111111111', 'e1'), ('1111111111', 'e2'),
('2222222222', 'e3'), ('2222222222', 'e4'),
('3333333333', 'e5'), ('3333333333', 'e6'),
('4444444444', 'e7'), ('4444444444', 'e8'),
('5555555555', 'e9'), ('5555555555', 'e10'),
('1212121212', 'e11'), ('1212121212', 'e2'),
('1313131313', 'e3'), ('1313131313', 'e14'),
('1414141414', 'e15'), ('1414141414', 'e6'),
('1515151515', 'e17'), ('1515151515', 'e8'),
('2121212121', 'e19'), ('2121212121', 'e20'),
('2323232323', 'e3'), ('2323232323', 'e14'),
('2424242424', 'e5'), ('2424242424', 'e16'),
('2525252525', 'e17'), ('2525252525', 'e8'),
('2626262626', 'e1'), ('2626262626', 'e12'),
('2727272727', 'e13'), ('2727272727', 'e14'),
('2828282828', 'e15'), ('2828282828', 'e16'),
('2929292929', 'e20'), ('2929292929', 'e8'),
('3030303030', 'e2'), ('3030303030', 'e12'),
('3131313131', 'e12'), ('3131313131', 'e5');

-- Insertar proveedores en la tabla Proveedor
INSERT INTO Proveedor (idProveedor, Marca) VALUES
('pv1', 'Marca A'),
('pv2', 'Marca B'),
('pv3', 'Marca C'),
('pv4', 'Marca D'),
('pv5', 'Marca F'),
('pv6', 'Marca G'),
('pv7', 'Marca H'),
('pv8', 'Marca I'),
('pv9', 'Marca J'),
('pv10', 'Marca K'),
('pv11', 'Marca L'),
('pv12', 'Marca M'),
('pv13', 'Marca N'),
('pv14', 'Marca O'),
('pv15', 'Marca P'),
('pv16', 'Marca Q'),
('pv17', 'Marca R'),
('pv18', 'Marca S'),
('pv19', 'Marca T'),
('pv20', 'Marca U'),
('pv21', 'Marca V');

-- Insertar productos en la tabla Producto
INSERT INTO Producto (idProducto, Nombre, Precio, CantidadDisponible, idProveedor) VALUES
('pp1', 'Gel para cabello', 10, 100, 'pv1'),
('pp2', 'Cuchillas de afeitar', 5, 200, 'pv2'),
('pp3', 'Maquina de afeitar', 50, 50, 'pv3'),
('pp4', 'Tijeras para cortar cabello', 20, 150, 'pv1'),
('pp5', 'Crema para después de afeitar', 15, 100, 'pv2'),
('pp6', 'Cepillo para barba', 8, 120, 'pv3'),
('pp7', 'Shampoo para barba', 12, 80, 'pv1'),
('pp8', 'Aceite para barba', 18, 90, 'pv2'),
('pp9', 'Espuma de afeitar', 7, 180, 'pv3'),
('pp10', 'Gel para Barba', 20, 100, 'pv10'),
('pp11', 'Cuchillas para depilar', 5, 300, 'pv12'),
('pp12', 'Maquina de motilar', 500, 50, 'pv13'),
('pp13', 'Tijeras de lujo', 200, 30, 'pv11'),
('pp14', 'Crema para depilar', 15, 180, 'pv14'),
('pp15', 'Cepillo para cejas', 8, 120, 'pv15'),
('pp16', 'Shampoo para cejas', 12, 80, 'pv16'),
('pp17', 'Aceite para cejas', 18, 90, 'pv17'),
('pp18', 'Espuma para cejas', 7, 120, 'pv18'),
('pp19', 'Peine para cejas', 5, 200, 'pv19'),
('pp20', 'Espuma para cejas', 7, 170, 'pv3');

-- Insertar compras en la tabla ProductoCompra
INSERT INTO ProductoCompra (idCompra, Cantidad, Total, Comision, idProducto) VALUES
('p1', 20, (SELECT Precio * 20 FROM Producto WHERE idProducto = 'pp1'), 10, 'pp1'),
('p2', 15, (SELECT Precio * 15 FROM Producto WHERE idProducto = 'pp2'), 10, 'pp2'),
('p3', 30, (SELECT Precio * 30 FROM Producto WHERE idProducto = 'pp3'), 10, 'pp3'),
('p4', 25, (SELECT Precio * 25 FROM Producto WHERE idProducto = 'pp4'), 10, 'pp4'),
('p5', 20, (SELECT Precio * 20 FROM Producto WHERE idProducto = 'pp5'), 10, 'pp5'),
('p6', 15, (SELECT Precio * 15 FROM Producto WHERE idProducto = 'pp6'), 10, 'pp6'),
('p7', 30, (SELECT Precio * 30 FROM Producto WHERE idProducto = 'pp7'), 10, 'pp7'),
('p8', 25, (SELECT Precio * 25 FROM Producto WHERE idProducto = 'pp8'), 10, 'pp8'),
('p9', 20, (SELECT Precio * 20 FROM Producto WHERE idProducto = 'pp9'), 10, 'pp9'),
('p10', 15, (SELECT Precio * 15 FROM Producto WHERE idProducto = 'pp10'), 10, 'pp10'),
('p11', 30, (SELECT Precio * 30 FROM Producto WHERE idProducto = 'pp11'), 10, 'pp11'),
('p12', 25, (SELECT Precio * 25 FROM Producto WHERE idProducto = 'pp12'), 10, 'pp12'),
('p13', 20, (SELECT Precio * 20 FROM Producto WHERE idProducto = 'pp13'), 10, 'pp13'),
('p14', 15, (SELECT Precio * 15 FROM Producto WHERE idProducto = 'pp14'), 10, 'pp14'),
('p15', 30, (SELECT Precio * 30 FROM Producto WHERE idProducto = 'pp15'), 10, 'pp15'),
('p16', 25, (SELECT Precio * 25 FROM Producto WHERE idProducto = 'pp16'), 10, 'pp16'),
('p17', 20, (SELECT Precio * 20 FROM Producto WHERE idProducto = 'pp17'), 10, 'pp17'),
('p18', 15, (SELECT Precio * 15 FROM Producto WHERE idProducto = 'pp18'), 10, 'pp18'),
('p19', 30, (SELECT Precio * 30 FROM Producto WHERE idProducto = 'pp19'), 10, 'pp19'),
('p20', 25, (SELECT Precio * 25 FROM Producto WHERE idProducto = 'pp20'), 10, 'pp20'),
('p21', 10, (SELECT Precio * 10 FROM Producto WHERE idProducto = 'pp5'), 10, 'pp5');

-- Insertar registros en la tabla ServicioAtencion
INSERT INTO ServicioAtencion (idAtencion, Cantidad, Total, idServicio) VALUES
('a1', 2, (SELECT Precio * 2 FROM Servicio WHERE idServicio = 's1'), 's1'),
('a2', 1, (SELECT Precio * 1 FROM Servicio WHERE idServicio = 's2'), 's2'),
('a3', 2, (SELECT Precio * 2 FROM Servicio WHERE idServicio = 's3'), 's3'),
('a4', 2, (SELECT Precio * 2 FROM Servicio WHERE idServicio = 's4'), 's4'),
('a5', 1, (SELECT Precio * 1 FROM Servicio WHERE idServicio = 's5'), 's5'),
('a6', 3, (SELECT Precio * 3 FROM Servicio WHERE idServicio = 's6'), 's6'),
('a7', 2, (SELECT Precio * 2 FROM Servicio WHERE idServicio = 's7'), 's7'),
('a8', 1, (SELECT Precio * 1 FROM Servicio WHERE idServicio = 's8'), 's8'),
('a9', 2, (SELECT Precio * 2 FROM Servicio WHERE idServicio = 's9'), 's9'),
('a10', 2, (SELECT Precio * 2 FROM Servicio WHERE idServicio = 's10'), 's10'),
('a11', 1, (SELECT Precio * 1 FROM Servicio WHERE idServicio = 's11'), 's11'),
('a12', 3, (SELECT Precio * 3 FROM Servicio WHERE idServicio = 's12'), 's12'),
('a13', 2, (SELECT Precio * 2 FROM Servicio WHERE idServicio = 's13'), 's13'),
('a14', 1, (SELECT Precio * 1 FROM Servicio WHERE idServicio = 's14'), 's14'),
('a15', 2, (SELECT Precio * 2 FROM Servicio WHERE idServicio = 's15'), 's15'),
('a16', 2, (SELECT Precio * 2 FROM Servicio WHERE idServicio = 's16'), 's16'),
('a17', 1, (SELECT Precio * 1 FROM Servicio WHERE idServicio = 's17'), 's17'),
('a18', 3, (SELECT Precio * 3 FROM Servicio WHERE idServicio = 's18'), 's18'),
('a19', 2, (SELECT Precio * 2 FROM Servicio WHERE idServicio = 's19'), 's19'),
('a20', 1, (SELECT Precio * 1 FROM Servicio WHERE idServicio = 's20'), 's20'),
('a21', 3, (SELECT Precio * 3 FROM Servicio WHERE idServicio = 's4'), 's4'),
('a22', 2, (SELECT Precio * 2 FROM Servicio WHERE idServicio = 's5'), 's5');

-- Insertar registros en la tabla Factura
INSERT INTO Factura (idFactura, idCliente, idEmpleado) VALUES
('f1','6666666666','1212121212'),
('f2','7777777777','1515151515'),
('f3','8888888888','2121212121'),
('f4','9999999999','3030303030'),
('f5','1010101010','1313131313'),
('f6','1616161616','4444444444'),
('f7','1717171717','2424242424'),
('f8','1818181818','3131313131'),
('f9','1919191919','3131313131'),
('f10','1717171717','1515151515');



INSERT INTO `barberia`.`facturaproductocompra` (`IdFactura`, `IdCompraProducto`) VALUES
('f1','p1'),
('f1','p2'),
('f2','p3'),
('f2','p4'),
('f3','p5'),
('f3','p6'),
('f4','p7'),
('f4','p8'),
('f5','p9'),
('f5','p10'),
('f6','p11'),
('f6','p12'),
('f7','p13'),
('f7','p14'),
('f8','p15'),
('f8','p16'),
('f9','p17'),
('f9','p18'),
('f10','p19'),
('f10','p20');


INSERT INTO `barberia`.`facturaservicioatencion` (`IdFactura`, `IdAtencion`) VALUES
('f1','a1'),
('f1','a2'),
('f2','a3'),
('f2','a4'),
('f3','a5'),
('f3','a6'),
('f4','a7'),
('f4','a8'),
('f5','a9'),
('f5','a10'),
('f6','a11'),
('f6','a12'),
('f7','a13'),
('f7','a14'),
('f8','a15'),
('f8','a16'),
('f9','a17'),
('f9','a18'),
('f10','a19'),
('f10','a20');


-- Insertar registros en la tabla ProductoConsumido
INSERT INTO ProductoConsumido (idAtencion, idProducto, Cantidad) VALUES
('a1','pp1',3),
('a2','pp2',5),
('a3','pp1',10),
('a4','pp3',3),
('a5','pp4',1),
('a6','pp5',4),
('a7','pp6',2),
('a8','pp7',7),
('a9','pp8',20),
('a10','pp9',10),
('a11','pp1',40),
('a12','pp10',30),
('a13','pp11',7),
('a14','pp12',14),
('a15','pp17',3),
('a15','pp4',30),
('a16','pp13',10),
('a17','pp18',24),
('a18','pp2',3),
('a19','pp4',5),
('a20','pp6',2);

-- Insertar registros en la tabla HistorialServicio
INSERT INTO HistorialServicio (idHistorial, Fecha, Hora, Total, idFactura) VALUES
('h1','2023-02-03','15:30:01',30000, 'f1'),
('h2','2023-02-04','08:00:01',20000, 'f2'),
('h3','2023-02-05','16:30:01',40000, 'f3'),
('h4','2023-02-06','18:35:01',50000, 'f4'),
('h5','2023-02-07','19:30:01',30000, 'f5'),
('h6','2023-02-08','20:00:00',20000, 'f6'),
('h7','2023-02-09','15:30:01',50000, 'f7'),
('h8','2023-02-11','13:30:01',20000, 'f9'),
('h9','2023-02-12','15:30:01',30000, 'f10');
-- Insertar registros en la tabla Cita
INSERT INTO Cita (idCita, Fecha, Hora, idCliente, idEmpleado, idAtencion) VALUES
('ct1','2023-02-03','15:30:01', '7777777777', '1515151515', 'a2'),
('ct2','2023-02-04','15:30:01', '8888888888', '2121212121', 'a3'),
('ct3','2023-02-05','15:30:01', '9999999999', '1515151515', 'a4'),
('ct4','2023-02-06','15:30:01', '1010101010', '1515151515', 'a3'),
('ct5','2023-02-07','15:30:01', '6666666666', '2121212121', 'a5'),
('ct6','2023-02-08','15:30:01', '1616161616', '1515151515', 'a6'),
('ct7','2023-04-03','15:30:01', '1717171717', '1515151515', 'a7'),
('ct8','2023-04-04','15:30:01', '1818181818', '2121212121', 'a8'),
('ct9','2023-04-05','15:30:01', '1919191919', '1515151515', 'a9'),
('ct10','2023-04-06','15:30:01', '2020202020', '2121212121', 'a10'),
('ct11','2023-04-07','15:30:01', '1111111111', '2121212121', 'a11'),
('ct12','2023-04-08','15:30:01', '2222222222', '1515151515', 'a12'),
('ct13','2023-04-09','15:30:01', '3333333333', '1515151515', 'a14'),
('ct14','2023-04-10','15:30:01', '4444444444', '2121212121', 'a15'),
('ct15','2023-04-11','15:30:01', '5555555555', '1515151515', 'a16'),
('ct16','2023-04-12','15:30:01', '1212121212', '3131313131', 'a17'),
('ct17','2023-04-14','15:30:01', '1414141414', '1515151515', 'a18'),
('ct18','2023-04-15','15:30:01', '1818181818', '3030303030', 'a19'),
('ct19','2023-04-16','15:30:01', '1212121212', '1515151515', 'a7'),
('ct20','2023-04-17','15:30:01', '1414141414', '2323232323', 'a8'),
('ct21','2023-04-18','15:30:01', '4444444444', '2323232323', 'a9');